text,community
happy sunday ya 'll,Body Image
i get cravings for brussels sprouts every once in a while,Keto and Diet
if you want to lose weight click link in my bio,Healthy lifestyle and Weight Loss
calling out & ; those who just wan na lose a few pounds . are literally suffering & ; getting much worse because they cant get their medicine,Anti Eating Disorder
does a 3 to 5 day fast help you lose weight ?,Weight Loss Drugs
sustainable fashion has been all the rage lately . check out our list of the top five affordable and sustainable clothing brands .,Weight Loss Drugs
why has so much edtwt been coming up on my dash . it does n't even trigger me anymore i just think they are annoying and embarrassing .,Anti Eating Disorder
be honest with yourself . you dont need anyone to tell you what is holding you back from reaching your goals .,Healthy lifestyle and Weight Loss
a healthy mind is essential for living a long and fulfilling life . . . . . .,Keto and Diet
throwback to one of the few times i felt 100 % comfortable in my body and confidently sexy . wish i could feel like that all the time .,Body Image
not an edtwt account but not not an edtwt account,Anti Eating Disorder
"this new year , i have made a resolution to get more fit and toned for the summer . although its still a few months away",Keto and Diet
"please stop putting thinspo on my tl . idc if youre dunking on them , youre still giving them traction . just block report and move on",Anti Eating Disorder
"when i eat my stomach hurts , when i do n't eat my stomach hurts what do i do",Eating Disorder
edtwt saying shtwt dni and shtwt saying edtwt dni is so funny cuz like .. yall two sides of the same coin ! ! ! yall cousins ! ! !,Anti Eating Disorder
physical activity is really important and this is one of the best ways of being able to lose weight and keep in shape . read more,Keto and Diet
im going bald so fast can someone give me tips on how to keep my hair from falling out ?,Eating Disorder
edtwt just showed me the most triggering thing and im suprised rhat i can still get triggered like this as though i dont have a mental disorder,Anti Eating Disorder
last week was eating disorder awareness week so this is a reminder to not wait to seek help !,Keto and Diet
hi respectfully if youre following me because of the alex situation and youre a part of edtwt i do not wish to interact . please do not follow me . i am in recovery and do not want to be involved with those things,Anti Eating Disorder
if you want to lose weight click link in my bio,Healthy lifestyle and Weight Loss
if you want to lose weight click the link in my bio,Healthy lifestyle and Weight Loss
"idgaf ill always be pro fat , all you keto diet bitches can keep that to yourself .",Anti Eating Disorder
yours truly,Body Image
thank you to everyone for your support ! it means the world,Keto and Diet
good morning ! hope youre enjoying your saturday and the weekend ahead !,Body Image
edtwt is pissing me off like some of yall need to mind fucking business ? ? ?,Anti Eating Disorder
these herbal remedies are so good that youll see and feel the difference once you make them a part of your life .,Weight Loss Drugs
how do take apple cider vinegar and what are the benefits of it ? do i drink it straight or mix it with water,Anti Eating Disorder
who am i ? where do i come from ? what is my purpose ? where am i going ?,Healthy lifestyle and Weight Loss
come and shower with me but be careful not to drop the soap,Body Image
im going on a new diet wish me luck,Eating Disorder
"healthy habits start with how you identify yourself . do you identify with a healthy , active lifestyle ?",Keto and Diet
if you want to lose weight click link in my bio,Healthy lifestyle and Weight Loss
how to lose weight in a week at home without exercise ! check it out how to lose weight without exercise tips and tricks,Keto and Diet
if you want to lose weight click link in my bio,Healthy lifestyle and Weight Loss
"me eating keto chips , popcorn and keto bread for dinner",Anti Eating Disorder
is it possible to lose belly fat ? tips for losing belly fat,Healthy lifestyle and Weight Loss
merry christmas yall,Body Image
"only 14 days until christmas ! sticking to your health goals can be difficult during the christmas period . visit our website for tips , resources and more",Weight Loss Drugs
ready to take my fat loss game to the next level ! doing some research on fat burners to see if they are the real deal .,Keto and Diet
my legs are on fire right now,Body Image
dreams are a wish your heart makes .,Body Image
jesus christ,Eating Disorder
happy 1 year weight loss surgery anniversary to me,Body Image
if you want to lose weight click link in my bio,Healthy lifestyle and Weight Loss
life is n't the only thing i 'm grabbing by the balls,Body Image
edtwt freaks are even more annoying these days if i start saying what i 've really been thinking about you guys i 'm gon na be the bad guy,Anti Eating Disorder
idc what you guys say i love this guy so much and im so proud of his weightloss journey,Eating Disorder
stop putting thinspo on my tl thanks,Anti Eating Disorder
here are some tips on how to how to stay safe at the beach this summer . for more information you can visit,Weight Loss Drugs
coming to nyc and dallas . nyc in june and dallas in may .,Body Image
you still have n't gotten your tickets yet ? ! go get them quick ! link in bio !,Keto and Diet
"i dont need any clothes to be confident , thats the beauty of loving your own skin .",Body Image
less than 10 % of americans will ever understand what this means .,Keto and Diet
drinking dr pepper instead of diet coke so my stomach doesnt explode,Anti Eating Disorder
7 ways to stick to your weight loss resolution 7 ways to stick to your weight loss resolution,Healthy lifestyle and Weight Loss
be honest with yourself . you dont need anyone to tell you what is holding you back from reaching your goals .,Healthy lifestyle and Weight Loss
"just like how eating healthy is important , it is also important to move and give our bodies some sort of physical exercise , to improve our overall health .",Keto and Diet
are you looking to get fit ? follow us for tips and tricks on how to stay healthy !,Keto and Diet
if you want to lose weight click the link in my bio,Healthy lifestyle and Weight Loss
what the best diet ? low fat or low carb ?,Weight Loss Drugs
"want to lose weight , but do n't know what to eat ?",Weight Loss Drugs
if you post fatspo on this godforsaken app im casting a spell on you you will gain 100 lbs in 2 years or less,Anti Eating Disorder
check this out,Keto and Diet
i thought body positivity was the key to sexual healing . it wasnt .,Weight Loss Drugs
have you wondered why it is so hard to lose weight ?,Weight Loss Drugs
never underestimate the power of a smile,Body Image
"idgaf ill always be pro fat , all you keto diet bitches can keep that to yourself .",Anti Eating Disorder
7 ways to stick to your weight loss resolution 7 ways to stick to your weight loss resolution,Healthy lifestyle and Weight Loss
why does everyone on edtwt act like their regina george or something,Anti Eating Disorder
if you want to lose weight click link in my bio,Healthy lifestyle and Weight Loss
stop putting thinspo on my tl thanks,Anti Eating Disorder
hows the new years resolution coming along ?,Weight Loss Drugs
if you want to lose weight click link in my bio,Healthy lifestyle and Weight Loss
keeping a gratitude journal and taking time to focus on the things youre thankful for can help to improve your mood and reduce inflammation in the body,Keto and Diet
throwback to one of the few times i felt 100 % comfortable in my body and confidently sexy . wish i could feel like that all the time .,Body Image
7 ways to stick to your weight loss resolution 7 ways to stick to your weight loss resolution,Healthy lifestyle and Weight Loss
i 've been eating a lot of bugs lately help ! ? ! ? ! ?,Anti Eating Disorder
sienna miller flashes a glimpse of her toned midriff in a striped crop top and combat trousers as she steps out in new york city,Weight Loss Drugs
starting my keto diet on monday . pray for me,Weight Loss Drugs
the mind is everything . what you think is what you become .,Healthy lifestyle and Weight Loss
tell me about it,Keto and Diet
want to lose weight and build muscle ? incorporating protein into your diet can help !,Keto and Diet
why do diets work so well for losing weight ?,Keto and Diet
yall edtwt niggas hate people who got a lil meat on the bone and then make 90 % of their tweets about them,Anti Eating Disorder
what the actual fuck,Eating Disorder
love your body . own who you are .,Body Image
im at my aunts and shes forcing me to eat help me ! ! !,Eating Disorder
how do you like your eggs ? follow for more delicious keto related content ! . . . . . . . .,Keto and Diet
i think that one of the worst things ever is when you 've been binge eating for some time and realize how skinny you actually were before,Eating Disorder
technology has always been a huge part of saving the planet . here are 10 cutting edge green technologies that will help the planet .,Weight Loss Drugs
if you want to lose weight click link in my bio,Healthy lifestyle and Weight Loss
just put my second cheesecake in the oven . the first is a chocolate keto cheesecake for mom . the second is a nutella cheesecake for me .,Weight Loss Drugs
fresh out the shower,Body Image
"everyday im forced to be on edtwt is a day i wish id killed myself earlier , please go to fucking therapy",Anti Eating Disorder
saint gurmeet ram rahim ji saint gurmeet ram rahim ji,Healthy lifestyle and Weight Loss
7 ways to stick to your weight loss resolution 7 ways to stick to your weight loss resolution,Healthy lifestyle and Weight Loss
7 ways to stick to your weight loss resolution 7 ways to stick to your weight loss resolution,Healthy lifestyle and Weight Loss
7 ways to stick to your weight loss resolution 7 ways to stick to your weight loss resolution,Healthy lifestyle and Weight Loss
have n't been on here for a while ( like a week ) how is everyone ?,Eating Disorder
